-- Seed from Excel; timestamps fixed at migration time
INSERT INTO app_user (id, name) VALUES
(1, 'Макс'), (2, 'Женя'), (3, 'Лёха'), (4, 'Дима'), (5, 'Артём');

SELECT setval(pg_get_serial_sequence('app_user', 'id'), (SELECT COALESCE(MAX(id), 1) FROM app_user));

INSERT INTO movie (id, title, description, owner_id, created_at, updated_at) VALUES (1, 'Идеальные дни', 'Японец 2 часа моет туалеты', 5, NOW(), NOW());
INSERT INTO movie (id, title, description, owner_id, created_at, updated_at) VALUES (2, 'что-то норм', '', 2, NOW(), NOW());
INSERT INTO movie (id, title, description, owner_id, created_at, updated_at) VALUES (3, 'Бедные несчастные', 'Эмма Стоун - любит секс', 1, NOW(), NOW());
INSERT INTO movie (id, title, description, owner_id, created_at, updated_at) VALUES (4, 'Зона интересов', 'ЧБ из польских ларегей', 5, NOW(), NOW());
INSERT INTO movie (id, title, description, owner_id, created_at, updated_at) VALUES (5, 'Голос монстра', 'Дерево типо злое, а потом доброе', 4, NOW(), NOW());
INSERT INTO movie (id, title, description, owner_id, created_at, updated_at) VALUES (6, 'явно какая-то муть', '', 2, NOW(), NOW());
INSERT INTO movie (id, title, description, owner_id, created_at, updated_at) VALUES (7, 'что-то норм', '', 3, NOW(), NOW());
INSERT INTO movie (id, title, description, owner_id, created_at, updated_at) VALUES (8, 'Серый человек', 'Райн Гослинг и Капитан Америка дерутся в фонтане', 1, NOW(), NOW());
INSERT INTO movie (id, title, description, owner_id, created_at, updated_at) VALUES (9, 'Первый день моей жизни', 'Труповозка. Самоуибйцы воскресли', 5, NOW(), NOW());
INSERT INTO movie (id, title, description, owner_id, created_at, updated_at) VALUES (10, 'Неудачное время', '', 4, NOW(), NOW());
INSERT INTO movie (id, title, description, owner_id, created_at, updated_at) VALUES (11, 'Убийца', 'У киллера ничего не получается', 2, NOW(), NOW());
INSERT INTO movie (id, title, description, owner_id, created_at, updated_at) VALUES (12, 'Еретик', 'есть три бога. но кто настоящий ?', 3, NOW(), NOW());
INSERT INTO movie (id, title, description, owner_id, created_at, updated_at) VALUES (13, 'Виды доброты', 'Эмма Стоун - свингер', 1, NOW(), NOW());
INSERT INTO movie (id, title, description, owner_id, created_at, updated_at) VALUES (14, 'Зеркало для героя', 'Мужик споткнулся об арматуру и попал в прошлое', 5, NOW(), NOW());
INSERT INTO movie (id, title, description, owner_id, created_at, updated_at) VALUES (15, 'Пять неизвестных', 'мужики потеряли память', 4, NOW(), NOW());
INSERT INTO movie (id, title, description, owner_id, created_at, updated_at) VALUES (16, 'Мыс траха', 'ДэНиро мстит авдокату', 2, NOW(), NOW());
INSERT INTO movie (id, title, description, owner_id, created_at, updated_at) VALUES (17, 'Новый порядок', 'когда хотела свадьбу, а тебя износиловали военные', 3, NOW(), NOW());
INSERT INTO movie (id, title, description, owner_id, created_at, updated_at) VALUES (18, 'Секреты ЛА', 'все копы продажные', 1, NOW(), NOW());
INSERT INTO movie (id, title, description, owner_id, created_at, updated_at) VALUES (19, 'Цветы войны', 'Бэтмен против японцев', 5, NOW(), NOW());
INSERT INTO movie (id, title, description, owner_id, created_at, updated_at) VALUES (20, 'Пленница', 'Мужик заставляет бегать не свою дочку', 4, NOW(), NOW());
INSERT INTO movie (id, title, description, owner_id, created_at, updated_at) VALUES (21, 'Статус Брэда', 'батяня поверил в себя', 2, NOW(), NOW());
INSERT INTO movie (id, title, description, owner_id, created_at, updated_at) VALUES (22, 'Американское чтиво', 'черный мужик написал книгу про черных, но ему не нравится', 3, NOW(), NOW());
INSERT INTO movie (id, title, description, owner_id, created_at, updated_at) VALUES (23, 'Седьмая печать', 'мужик продул в шахматы смерти', 1, NOW(), NOW());
INSERT INTO movie (id, title, description, owner_id, created_at, updated_at) VALUES (24, 'Новые парни турбо', '10/10 от жени', 5, NOW(), NOW());
INSERT INTO movie (id, title, description, owner_id, created_at, updated_at) VALUES (25, 'Два, три, демон приди', 'Подростки деражатся за ручку с мертвыми', 4, NOW(), NOW());
INSERT INTO movie (id, title, description, owner_id, created_at, updated_at) VALUES (26, 'Денежная игла', 'Рехаб грабит государство', 2, NOW(), NOW());
INSERT INTO movie (id, title, description, owner_id, created_at, updated_at) VALUES (27, 'Жизнь задом наперед', 'Том Харди бомж', 1, NOW(), NOW());
INSERT INTO movie (id, title, description, owner_id, created_at, updated_at) VALUES (28, 'Куда ты пропала Бернадет?', 'Уехала в Антарктиду от дочки и мужа', 5, NOW(), NOW());
INSERT INTO movie (id, title, description, owner_id, created_at, updated_at) VALUES (29, 'Орудия', 'Дети странно бегали ночью к чужой бабуле', 4, NOW(), NOW());
INSERT INTO movie (id, title, description, owner_id, created_at, updated_at) VALUES (30, 'Сонная Лощина', 'Джонни Дэп против безголового Кристофера Уокена', 2, NOW(), NOW());
INSERT INTO movie (id, title, description, owner_id, created_at, updated_at) VALUES (31, 'Опус', 'Обычная жизнь Джона Малковича', 3, NOW(), NOW());
INSERT INTO movie (id, title, description, owner_id, created_at, updated_at) VALUES (32, 'Выкуп', 'Мэл Гибсон зажал деняк', 1, NOW(), NOW());
INSERT INTO movie (id, title, description, owner_id, created_at, updated_at) VALUES (33, 'Человек', 'меньшинства жалуются на свою тяжелую жизнь', 5, NOW(), NOW());
INSERT INTO movie (id, title, description, owner_id, created_at, updated_at) VALUES (34, 'Визит', 'дети тусовались не у своих родственников', 4, NOW(), NOW());
INSERT INTO movie (id, title, description, owner_id, created_at, updated_at) VALUES (35, 'Горькая луна', 'баба превратилась в арбузершу', 2, NOW(), NOW());
INSERT INTO movie (id, title, description, owner_id, created_at, updated_at) VALUES (36, '?', 'Негр спецназовец всех заборол', 3, NOW(), NOW());
INSERT INTO movie (id, title, description, owner_id, created_at, updated_at) VALUES (37, 'Святые из Бундокка', 'Братья мочат всех, прикрываясь христианством', 1, NOW(), NOW());
INSERT INTO movie (id, title, description, owner_id, created_at, updated_at) VALUES (38, 'Общество мертвых поэтов', 'Пацаны стояли на партах почем зря', 5, NOW(), NOW());
INSERT INTO movie (id, title, description, owner_id, created_at, updated_at) VALUES (39, 'Бугония', 'Лысая Эмма Уотсон - всё таки инопланетянка', 4, NOW(), NOW());
INSERT INTO movie (id, title, description, owner_id, created_at, updated_at) VALUES (40, '10 негритят', 'Амонгус', 2, NOW(), NOW());
INSERT INTO movie (id, title, description, owner_id, created_at, updated_at) VALUES (41, 'За гранью ЗЛА', 'Пять историй, где все пошло не так', 3, NOW(), NOW());
INSERT INTO movie (id, title, description, owner_id, created_at, updated_at) VALUES (42, 'Обыкновенные ангелы', 'Алан Ричсон агрился на бабу, которая спасала его дочку', 1, NOW(), NOW());
INSERT INTO movie (id, title, description, owner_id, created_at, updated_at) VALUES (43, 'Купала', 'Купала боится текста в воде', 5, NOW(), NOW());
INSERT INTO movie (id, title, description, owner_id, created_at, updated_at) VALUES (44, 'Верни её из мертвых', 'У сатанистки ничего не получилось', 4, NOW(), NOW());
INSERT INTO movie (id, title, description, owner_id, created_at, updated_at) VALUES (45, 'Новичок', 'Рами Малек обманывает Морфиуса', 3, NOW(), NOW());
INSERT INTO movie (id, title, description, owner_id, created_at, updated_at) VALUES (46, 'Метод исключения', 'Кореец всех убивает ради вакантного места', 1, NOW(), NOW());
INSERT INTO movie (id, title, description, owner_id, created_at, updated_at) VALUES (47, 'Боги, наверно, сошли с ума', 'Бушмен нашел бутылку, а потом выбросил', 5, NOW(), NOW());
INSERT INTO movie (id, title, description, owner_id, created_at, updated_at) VALUES (48, 'Удачи, веселья, не сдохни', 'Кототавр ссыт съедобным конфити на зумеров', 4, NOW(), NOW());
INSERT INTO movie (id, title, description, owner_id, created_at, updated_at) VALUES (49, 'Исполнитель желаний', 'У охранника было два желания, хотя у всех одно', 3, NOW(), NOW());
INSERT INTO movie (id, title, description, owner_id, created_at, updated_at) VALUES (50, 'Кончится лето', 'Юра Борисов мочит якутов почем зря', 1, NOW(), NOW());
INSERT INTO movie (id, title, description, owner_id, created_at, updated_at) VALUES (51, 'Я достану тебя, ублюдок', '12 дюймов смеха (очень мало)', 2, NOW(), NOW());
INSERT INTO movie (id, title, description, owner_id, created_at, updated_at) VALUES (52, 'Пожары', 'Инцестис', 4, NOW(), NOW());

SELECT setval(pg_get_serial_sequence('movie', 'id'), (SELECT COALESCE(MAX(id), 1) FROM movie));

INSERT INTO rating (id, movie_id, user_id, score) VALUES (1, 16, 1, 5.0);
INSERT INTO rating (id, movie_id, user_id, score) VALUES (2, 16, 3, 6.0);
INSERT INTO rating (id, movie_id, user_id, score) VALUES (3, 16, 4, 5.0);
INSERT INTO rating (id, movie_id, user_id, score) VALUES (4, 16, 5, 6.0);
INSERT INTO rating (id, movie_id, user_id, score) VALUES (5, 17, 1, 4.0);
INSERT INTO rating (id, movie_id, user_id, score) VALUES (6, 17, 2, 5.75);
INSERT INTO rating (id, movie_id, user_id, score) VALUES (7, 17, 4, 7.0);
INSERT INTO rating (id, movie_id, user_id, score) VALUES (8, 18, 2, 6.0);
INSERT INTO rating (id, movie_id, user_id, score) VALUES (9, 18, 3, 7.0);
INSERT INTO rating (id, movie_id, user_id, score) VALUES (10, 18, 4, 6.0);
INSERT INTO rating (id, movie_id, user_id, score) VALUES (11, 19, 1, 9.0);
INSERT INTO rating (id, movie_id, user_id, score) VALUES (12, 19, 2, 7.0);
INSERT INTO rating (id, movie_id, user_id, score) VALUES (13, 19, 4, 9.0);
INSERT INTO rating (id, movie_id, user_id, score) VALUES (14, 20, 1, 7.0);
INSERT INTO rating (id, movie_id, user_id, score) VALUES (15, 20, 2, 3.0);
INSERT INTO rating (id, movie_id, user_id, score) VALUES (16, 20, 3, 7.0);
INSERT INTO rating (id, movie_id, user_id, score) VALUES (17, 20, 5, 7.0);
INSERT INTO rating (id, movie_id, user_id, score) VALUES (18, 21, 1, 10.0);
INSERT INTO rating (id, movie_id, user_id, score) VALUES (19, 21, 3, 8.0);
INSERT INTO rating (id, movie_id, user_id, score) VALUES (20, 21, 4, 7.0);
INSERT INTO rating (id, movie_id, user_id, score) VALUES (21, 21, 5, 8.7);
INSERT INTO rating (id, movie_id, user_id, score) VALUES (22, 22, 1, 8.0);
INSERT INTO rating (id, movie_id, user_id, score) VALUES (23, 22, 2, 7.0);
INSERT INTO rating (id, movie_id, user_id, score) VALUES (24, 22, 4, 7.0);
INSERT INTO rating (id, movie_id, user_id, score) VALUES (25, 22, 5, 6.6);
INSERT INTO rating (id, movie_id, user_id, score) VALUES (26, 23, 2, 1.75);
INSERT INTO rating (id, movie_id, user_id, score) VALUES (27, 23, 3, 4.0);
INSERT INTO rating (id, movie_id, user_id, score) VALUES (28, 23, 4, 3.0);
INSERT INTO rating (id, movie_id, user_id, score) VALUES (29, 23, 5, 4.0);
INSERT INTO rating (id, movie_id, user_id, score) VALUES (30, 24, 1, 2.0);
INSERT INTO rating (id, movie_id, user_id, score) VALUES (31, 24, 2, 10.0);
INSERT INTO rating (id, movie_id, user_id, score) VALUES (32, 24, 4, 1.0);
INSERT INTO rating (id, movie_id, user_id, score) VALUES (33, 25, 2, 5.5);
INSERT INTO rating (id, movie_id, user_id, score) VALUES (34, 25, 5, 6.5);
INSERT INTO rating (id, movie_id, user_id, score) VALUES (35, 26, 1, 5.0);
INSERT INTO rating (id, movie_id, user_id, score) VALUES (36, 26, 3, 6.0);
INSERT INTO rating (id, movie_id, user_id, score) VALUES (37, 26, 4, 4.0);
INSERT INTO rating (id, movie_id, user_id, score) VALUES (38, 26, 5, 5.0);
INSERT INTO rating (id, movie_id, user_id, score) VALUES (39, 27, 2, 5.75);
INSERT INTO rating (id, movie_id, user_id, score) VALUES (40, 27, 3, 6.0);
INSERT INTO rating (id, movie_id, user_id, score) VALUES (41, 27, 4, 7.0);
INSERT INTO rating (id, movie_id, user_id, score) VALUES (42, 27, 5, 6.0);
INSERT INTO rating (id, movie_id, user_id, score) VALUES (43, 29, 1, 4.0);
INSERT INTO rating (id, movie_id, user_id, score) VALUES (44, 29, 2, 3.5);
INSERT INTO rating (id, movie_id, user_id, score) VALUES (45, 29, 5, 4.0);
INSERT INTO rating (id, movie_id, user_id, score) VALUES (46, 30, 1, 8.0);
INSERT INTO rating (id, movie_id, user_id, score) VALUES (47, 30, 4, 8.0);
INSERT INTO rating (id, movie_id, user_id, score) VALUES (48, 30, 5, 7.5);
INSERT INTO rating (id, movie_id, user_id, score) VALUES (49, 32, 2, 6.4);
INSERT INTO rating (id, movie_id, user_id, score) VALUES (50, 32, 3, 8.5);
INSERT INTO rating (id, movie_id, user_id, score) VALUES (51, 32, 4, 5.0);
INSERT INTO rating (id, movie_id, user_id, score) VALUES (52, 32, 5, 6.0);
INSERT INTO rating (id, movie_id, user_id, score) VALUES (53, 33, 1, 8.0);
INSERT INTO rating (id, movie_id, user_id, score) VALUES (54, 33, 2, 6.5);
INSERT INTO rating (id, movie_id, user_id, score) VALUES (55, 33, 3, 4.0);
INSERT INTO rating (id, movie_id, user_id, score) VALUES (56, 33, 4, 4.0);
INSERT INTO rating (id, movie_id, user_id, score) VALUES (57, 34, 1, 7.0);
INSERT INTO rating (id, movie_id, user_id, score) VALUES (58, 34, 2, 5.0);
INSERT INTO rating (id, movie_id, user_id, score) VALUES (59, 34, 3, 6.0);
INSERT INTO rating (id, movie_id, user_id, score) VALUES (60, 34, 5, 6.5);
INSERT INTO rating (id, movie_id, user_id, score) VALUES (61, 35, 1, 5.0);
INSERT INTO rating (id, movie_id, user_id, score) VALUES (62, 35, 3, 5.0);
INSERT INTO rating (id, movie_id, user_id, score) VALUES (63, 35, 4, 7.0);
INSERT INTO rating (id, movie_id, user_id, score) VALUES (64, 37, 2, 3.3);
INSERT INTO rating (id, movie_id, user_id, score) VALUES (65, 37, 3, 5.5);
INSERT INTO rating (id, movie_id, user_id, score) VALUES (66, 37, 4, 3.0);
INSERT INTO rating (id, movie_id, user_id, score) VALUES (67, 37, 5, 4.0);
INSERT INTO rating (id, movie_id, user_id, score) VALUES (68, 38, 1, 9.0);
INSERT INTO rating (id, movie_id, user_id, score) VALUES (69, 38, 4, 9.0);
INSERT INTO rating (id, movie_id, user_id, score) VALUES (70, 39, 1, 8.0);
INSERT INTO rating (id, movie_id, user_id, score) VALUES (71, 39, 2, 3.0);
INSERT INTO rating (id, movie_id, user_id, score) VALUES (72, 39, 3, 8.0);
INSERT INTO rating (id, movie_id, user_id, score) VALUES (73, 39, 5, 5.0);
INSERT INTO rating (id, movie_id, user_id, score) VALUES (74, 40, 1, 5.0);
INSERT INTO rating (id, movie_id, user_id, score) VALUES (75, 40, 3, 5.0);
INSERT INTO rating (id, movie_id, user_id, score) VALUES (76, 40, 4, 4.0);
INSERT INTO rating (id, movie_id, user_id, score) VALUES (77, 40, 5, 3.0);
INSERT INTO rating (id, movie_id, user_id, score) VALUES (78, 41, 1, 5.0);
INSERT INTO rating (id, movie_id, user_id, score) VALUES (79, 41, 4, 5.0);
INSERT INTO rating (id, movie_id, user_id, score) VALUES (80, 41, 5, 2.0);
INSERT INTO rating (id, movie_id, user_id, score) VALUES (81, 42, 2, 6.75);
INSERT INTO rating (id, movie_id, user_id, score) VALUES (82, 42, 3, 6.0);
INSERT INTO rating (id, movie_id, user_id, score) VALUES (83, 42, 4, 8.0);
INSERT INTO rating (id, movie_id, user_id, score) VALUES (84, 42, 5, 7.5);
INSERT INTO rating (id, movie_id, user_id, score) VALUES (85, 43, 1, 9.0);
INSERT INTO rating (id, movie_id, user_id, score) VALUES (86, 43, 3, 6.0);
INSERT INTO rating (id, movie_id, user_id, score) VALUES (87, 43, 4, 8.0);
INSERT INTO rating (id, movie_id, user_id, score) VALUES (88, 44, 1, 6.0);
INSERT INTO rating (id, movie_id, user_id, score) VALUES (89, 44, 3, 8.0);
INSERT INTO rating (id, movie_id, user_id, score) VALUES (90, 44, 4, 7.0);
INSERT INTO rating (id, movie_id, user_id, score) VALUES (91, 44, 5, 6.0);
INSERT INTO rating (id, movie_id, user_id, score) VALUES (92, 45, 1, 4.0);
INSERT INTO rating (id, movie_id, user_id, score) VALUES (93, 45, 4, 3.0);
INSERT INTO rating (id, movie_id, user_id, score) VALUES (94, 45, 5, 4.0);
INSERT INTO rating (id, movie_id, user_id, score) VALUES (95, 46, 3, 7.0);
INSERT INTO rating (id, movie_id, user_id, score) VALUES (96, 46, 4, 7.0);
INSERT INTO rating (id, movie_id, user_id, score) VALUES (97, 46, 5, 7.0);
INSERT INTO rating (id, movie_id, user_id, score) VALUES (98, 47, 1, 9.0);
INSERT INTO rating (id, movie_id, user_id, score) VALUES (99, 47, 3, 8.0);
INSERT INTO rating (id, movie_id, user_id, score) VALUES (100, 47, 4, 9.0);
INSERT INTO rating (id, movie_id, user_id, score) VALUES (101, 48, 1, 9.0);
INSERT INTO rating (id, movie_id, user_id, score) VALUES (102, 48, 3, 10.0);
INSERT INTO rating (id, movie_id, user_id, score) VALUES (103, 48, 5, 8.0);
INSERT INTO rating (id, movie_id, user_id, score) VALUES (104, 49, 1, 6.0);
INSERT INTO rating (id, movie_id, user_id, score) VALUES (105, 49, 4, 7.0);
INSERT INTO rating (id, movie_id, user_id, score) VALUES (106, 49, 5, 4.0);
INSERT INTO rating (id, movie_id, user_id, score) VALUES (107, 50, 3, 4.0);
INSERT INTO rating (id, movie_id, user_id, score) VALUES (108, 50, 4, 5.0);
INSERT INTO rating (id, movie_id, user_id, score) VALUES (109, 51, 1, 4.5);
INSERT INTO rating (id, movie_id, user_id, score) VALUES (110, 51, 4, 2.0);
INSERT INTO rating (id, movie_id, user_id, score) VALUES (111, 51, 5, 6.0);
INSERT INTO rating (id, movie_id, user_id, score) VALUES (112, 52, 1, 7.0);
INSERT INTO rating (id, movie_id, user_id, score) VALUES (113, 52, 3, 3.0);
INSERT INTO rating (id, movie_id, user_id, score) VALUES (114, 52, 5, 8.0);

SELECT setval(pg_get_serial_sequence('rating', 'id'), (SELECT COALESCE(MAX(id), 1) FROM rating));
